epoch,train_loss,train_macro_f1,train_accuracy
1,0.24439648323867166,0.890501462301151,0.8900841908325537
2,0.10649090548272894,0.9791396538143634,0.9784845650140318
3,0.08342498020172454,0.9944140881887685,0.9943872778297475
4,0.0751382895127064,0.998594821894145,0.9985968194574368
5,0.07259603880909311,1.0,1.0
